country,density,abbreviation,agriculturalland,landarea,armedforcessize,birthrate,callingcode,capital/majorcity,co2-emissions,currency-code,fertilityrate,forestedarea,gdp,grossprimaryeducationenrollment,infantmortality,largestcity,lifeexpectancy,minimumwage,officiallanguage,outofpockethealthexpenditure,physiciansperthousand,population,urban_population,longitud,latitud,continent,cpi,cpichange,totaltaxrate,grosstertiaryeducationenrollment,maternalmortalityratio,populationlaborforceparticipation,unemploymentrate,gasolineprice,taxrevenue
Afghanistan,60,AF,58.1,652230.0,0.43,32.49,93.0,Kabul,8672.0,AFN,4.47,2.1,19101353833.0,104.0,47.9,Kabul,64.5,0.43,Pashto,78.4,0.28,38041754.0,9797273.0,33.93911,67.709953,Asia,149.9,2.3,71.4,9.7,638.0,48.9,11.12,0.7,9.3
Albania,105,AL,43.1,28748.0,1.12,11.78,355.0,Tirana,4536.0,ALL,1.62,28.1,15278077447.0,107.0,7.8,Tirana,78.5,1.12,Albanian,56.9,1.2,2854191.0,1747593.0,41.153332,20.168331,Europe,119.05,1.4,36.6,55.0,15.0,55.7,12.33,1.36,18.6
Algeria,18,DZ,17.4,2381741.0,0.95,24.28,213.0,Algiers,150006.0,DZD,3.02,0.8,169988236398.0,109.9,20.1,Algiers,76.7,0.95,Arabic,28.1,1.72,43053054.0,31510100.0,28.033886,1.659626,Africa,151.36,2.0,66.1,51.4,112.0,41.2,11.7,0.28,37.2
Andorra,164,AD,40.0,468.0,6.63,7.2,376.0,Andorra la Vella,469.0,EUR,1.27,34.0,3154057987.0,106.4,2.7,Andorra la Vella,72.27967914438503,6.63,Catalan,36.4,3.33,77142.0,67873.0,42.506285,1.521801,Europe,189.73338423943449,6.684133950973788,40.851151473603224,37.96338797814208,160.39226519337018,62.73806818181818,6.886363636363637,1.51,22.439999999999998
Angola,26,AO,47.5,1246700.0,0.71,40.73,244.0,Luanda,34693.0,AOA,5.52,46.3,94635415870.0,113.5,51.6,Luanda,60.8,0.71,Portuguese,33.4,0.21,31825295.0,21061025.0,-11.202692,17.873887,Africa,261.73,17.1,49.1,9.3,241.0,77.5,6.89,0.97,9.2
Antigua and Barbuda,223,AG,20.5,443.0,3.04,15.33,1.0,"St. John's, Saint John",557.0,XCD,1.99,22.3,1727759259.0,105.0,5.0,"St. John's, Saint John",76.9,3.04,English,24.3,2.76,97118.0,23800.0,17.060816,-61.796428,Unknown,113.81,1.2,43.0,24.8,42.0,58.760000000000005,8.726,0.99,16.5
Argentina,17,AR,54.3,2780400.0,3.35,17.02,54.0,Buenos Aires,201348.0,ARS,2.26,9.8,449663446954.0,109.7,8.8,Buenos Aires,76.5,3.35,Spanish,17.6,3.96,44938712.0,41339571.0,-38.416097,-63.616672,South America,232.75,53.5,106.3,90.0,39.0,61.3,9.79,1.1,10.1
Armenia,104,AM,58.9,29743.0,0.66,13.99,374.0,Yerevan,5156.0,AMD,1.76,11.7,13672802158.0,92.7,11.0,Yerevan,74.9,0.66,Armenian,81.6,4.4,2957731.0,1869848.0,40.069099,45.038189,Asia,129.18,1.4,22.6,54.6,26.0,55.6,16.99,0.77,20.9
Australia,3,AU,48.2,7741220.0,13.59,12.6,61.0,Canberra,375908.0,AUD,1.74,16.3,1392680589329.0,100.3,3.1,Sydney,82.7,13.59,Unknown,19.6,3.68,25766605.0,21844756.0,-25.274398,133.775136,Oceania,119.8,1.6,47.4,113.1,6.0,65.5,5.27,0.93,23.0
Austria,109,AT,32.4,83871.0,Unknown,9.7,43.0,Vienna,61448.0,EUR,1.47,46.9,446314739528.0,103.1,2.9,Vienna,81.6,Unknown,German,17.9,5.17,8877067.0,5194416.0,47.516231,14.550072,Europe,118.06,1.5,51.4,85.1,5.0,60.7,4.67,1.2,25.4
Azerbaijan,123,AZ,57.7,86600.0,0.47,14.0,994.0,Baku,37620.0,AZN,1.73,14.1,39207000000.0,99.7,19.2,Baku,72.9,0.47,Azerbaijani language,78.6,3.45,10023318.0,5616165.0,40.143105,47.576927,Asia,156.32,2.6,40.7,27.7,26.0,66.5,5.51,0.56,13.0
The Bahamas,39,BS,1.4,13880.0,5.25,13.97,1.0,"Nassau, Bahamas",1786.0,Unknown,1.75,51.4,12827000000.0,81.4,8.3,"Nassau, Bahamas",73.8,5.25,English,27.8,1.94,389482.0,323784.0,25.03428,-77.39628,North America,116.22,2.5,33.8,15.1,70.0,74.6,10.36,0.92,14.8
Bahrain,"2,239",BH,11.1,765.0,Unknown,13.99,973.0,Manama,31694.0,BHD,1.99,0.8,38574069149.0,99.4,6.1,Riffa,77.2,Unknown,Arabic,25.1,0.93,1501635.0,1467109.0,26.0667,50.5577,Asia,117.59,2.1,13.8,50.5,14.0,73.4,0.71,0.43,4.2
Bangladesh,"1,265",BD,70.6,148460.0,0.51,18.18,880.0,Dhaka,84246.0,BDT,2.04,11.0,302571254131.0,116.5,25.1,Dhaka,72.3,0.51,Bengali,71.8,0.58,167310838.0,60987417.0,23.684994,90.356331,Asia,179.68,5.6,33.4,20.6,173.0,59.0,4.19,1.12,8.8
Barbados,668,BB,23.3,430.0,3.13,10.65,1.0,Bridgetown,1276.0,BBD,1.62,14.7,5209000000.0,99.4,11.3,Bridgetown,79.1,3.13,English,45.2,2.48,287025.0,89431.0,13.193887,-59.543198,Unknown,134.09,4.1,35.6,65.4,27.0,65.2,10.33,1.81,27.5
Belarus,47,BY,42.0,207600.0,1.49,9.9,375.0,Minsk,58280.0,BYN,1.45,42.6,63080457023.0,100.5,2.6,Minsk,74.2,1.49,Russian,34.5,5.19,9466856.0,7482982.0,53.709807,27.953389,Europe,116.00557795309933,5.6,53.3,87.4,2.0,64.1,4.59,0.6,14.7
Belgium,383,BE,44.6,30528.0,10.31,10.3,32.0,City of Brussels,96889.0,EUR,1.62,22.6,529606710418.0,103.9,2.9,Brussels,81.6,10.31,French,17.6,3.07,11484055.0,11259082.0,50.503887,4.469936,Europe,117.11,1.4,55.4,79.7,5.0,53.6,5.59,1.43,24.0
Belize,17,BZ,7.0,22966.0,1.65,20.79,501.0,Belmopan,568.0,BZD,2.31,59.7,1879613600.0,111.7,11.2,Belize City,74.5,1.65,English,22.7,1.12,390353.0,179039.0,17.189877,-88.49765,Unknown,105.68,-0.9,31.1,24.7,36.0,65.1,6.41,1.13,26.3
Benin,108,BJ,33.3,112622.0,0.39,36.22,229.0,Porto-Novo,6476.0,XOF,4.84,37.8,14390709095.0,122.0,60.5,Cotonou,61.5,0.39,French,40.5,0.08,11801151.0,5648149.0,9.30769,2.315834,Africa,110.71,-0.9,48.9,12.3,397.0,70.9,2.23,0.72,10.8
Bhutan,20,BT,13.6,38394.0,0.32,17.26,975.0,Thimphu,1261.0,Unknown,1.98,72.5,2446674101.0,100.1,24.8,Thimphu,71.5,0.32,Dzongkha,19.8,0.42,727145.0,317538.0,27.514162,90.433601,Asia,167.18,2.7,35.3,15.6,183.0,66.7,2.34,0.98,16.0
Bolivia,11,BO,34.8,1098581.0,1.36,21.75,591.0,Sucre,21606.0,BOB,2.73,50.3,40895322865.0,98.2,21.8,Santa Cruz de la Sierra,71.2,1.36,Spanish,25.9,1.59,11513100.0,8033035.0,-16.290154,-63.588653,South America,148.32,1.8,83.7,28.580000000000002,155.0,71.8,3.5,0.71,17.0
Bosnia and Herzegovina,64,BA,43.1,51197.0,1.04,8.11,387.0,Sarajevo,21848.0,BAM,1.27,42.7,20047848435.0,102.47021276595747,5.0,Tuzla Canton,77.3,1.04,Bosnian,28.6,2.16,3301000.0,1605144.0,43.915886,17.679076,Europe,104.9,0.6,23.7,23.3,10.0,46.4,18.42,1.05,20.4
Botswana,4,BW,45.6,581730.0,0.29,24.82,267.0,Gaborone,6340.0,BWP,2.87,18.9,18340510789.0,103.2,30.0,Gaborone,69.3,0.29,English,5.3,0.37,2346179.0,1616550.0,-22.328474,24.684866,Africa,149.75,2.8,25.1,24.9,144.0,70.8,18.19,0.71,19.5
Brazil,25,BR,33.9,8515770.0,1.53,13.92,55.0,Bras���,462299.0,BRL,1.73,58.9,1839758040766.0,115.4,12.8,S����,75.7,1.53,Portuguese,28.3,2.15,212559417.0,183241641.0,-14.235004,-51.92528,South America,167.4,3.7,65.1,51.3,60.0,63.9,12.08,1.02,14.2
Brunei,83,BN,2.7,5765.0,Unknown,14.9,673.0,Bandar Seri Begawan,7664.0,BND,1.85,72.1,13469422941.0,103.2,9.8,Unknown,75.7,Unknown,Malay,6.0,1.61,433285.0,337711.0,4.535277,114.727669,Asia,99.03,-0.4,8.0,31.4,31.0,64.7,9.12,0.37,9.540000000000001
Bulgaria,64,BG,46.3,110879.0,1.57,8.9,359.0,Sofia,41708.0,BGN,1.56,35.4,86000000000.0,89.3,5.9,Sofia,74.9,1.57,Bulgarian,47.7,4.03,6975761.0,5256027.0,42.733883,25.48583,Europe,114.42,3.1,28.3,71.0,10.0,55.4,4.34,1.11,20.2
Burkina Faso,76,BF,44.2,274200.0,0.34,37.93,226.0,Ouagadougou,3418.0,XOF,5.19,19.3,15745810235.0,96.1,49.0,Ouagadougou,61.2,0.34,French,36.1,0.08,20321378.0,6092349.0,12.238333,-1.561593,Africa,106.58,-3.2,41.3,6.5,320.0,66.4,6.26,0.98,15.0
Burundi,463,BI,79.2,27830.0,Unknown,39.01,257.0,Bujumbura,495.0,BIF,5.41,10.9,3012334882.0,121.4,41.0,Bujumbura,61.2,Unknown,Kirundi,19.1,0.1,11530580.0,1541177.0,-3.373056,29.918886,Africa,182.11,-0.7,41.2,6.1,548.0,79.2,1.43,1.21,13.6
Ivory Coast,83,CI,64.8,322463.0,0.36,35.74,225.0,Yamoussoukro,9674.0,XOF,4.65,32.7,58792205642.0,99.8,59.4,Abidjan,57.4,0.36,French,36.0,0.23,25716544.0,13176900.0,7.539989,-5.54708,Africa,111.61,-0.9,50.1,9.3,617.0,57.0,3.32,0.93,11.8
Cape Verde,138,CV,19.6,4033.0,0.68,19.49,238.0,Praia,543.0,CVE,2.27,22.5,1981845741.0,104.0,16.7,Praia,72.8,0.68,Portuguese,23.2,0.77,483628.0,364029.0,16.5388,-23.0418,Africa,110.5,1.1,37.5,23.6,58.0,60.5,12.25,1.02,20.1
Cambodia,95,KH,30.9,181035.0,Unknown,22.46,855.0,Phnom Penh,9919.0,Unknown,2.5,52.9,27089389787.0,107.4,24.0,Phnom Penh,69.6,Unknown,Khmer language,59.4,0.17,16486542.0,3924621.0,12.565679,104.990963,Asia,127.63,2.5,23.1,13.7,160.0,82.3,0.68,0.9,17.1
Cameroon,56,CM,20.6,475440.0,0.35,35.39,237.0,Yaound�,8291.0,XAF,4.57,39.3,38760467033.0,103.4,50.6,Douala,58.9,0.35,French,69.7,0.09,25876380.0,14741256.0,7.369722,12.354722,Africa,118.65,2.5,57.7,12.8,529.0,76.1,3.38,1.03,12.8
Canada,4,CA,6.9,9984670.0,9.51,10.1,1.0,Ottawa,544894.0,CAD,1.5,38.2,1736425629520.0,100.9,4.3,Toronto,81.9,9.51,French,14.6,2.61,36991981.0,30628482.0,56.130366,-106.346771,North America,116.76,1.9,24.5,68.9,10.0,65.1,5.56,0.81,12.8
Central African Republic,8,CF,8.2,622984.0,0.37,35.35,236.0,Bangui,297.0,Unknown,4.72,35.6,2220307369.0,102.0,84.5,Bangui,52.8,0.37,French,39.6,0.06,4745185.0,1982064.0,6.611111,20.939444,Africa,186.86,37.1,73.3,3.0,829.0,72.0,3.68,1.41,8.6
Chad,13,TD,39.7,1284000.0,0.6,42.17,235.0,N'Djamena,1016.0,XAF,5.75,3.8,11314951343.0,86.8,71.4,N'Djamena,54.0,0.6,French,56.4,0.04,15946876.0,3712273.0,15.454166,18.732207,Africa,117.7,-1.0,63.5,3.3,1140.0,70.7,1.89,0.78,15.059999999999999
Chile,26,CL,21.2,756096.0,2.0,12.43,56.0,Santiago,85822.0,CLP,1.65,24.3,282318159745.0,101.4,6.2,Santiago,80.0,2.0,Spanish,32.2,2.59,18952038.0,16610135.0,-35.675147,-71.542969,South America,131.91,2.6,34.0,88.5,13.0,62.6,7.09,1.03,18.2
China,153,CN,56.2,9596960.0,0.87,10.9,86.0,Beijing,9893038.0,CNY,1.69,22.4,19910000000000.0,100.2,7.4,Shanghai,77.0,0.87,Standard Chinese,32.4,1.98,1397715000.0,842933962.0,35.86166,104.195397,Asia,125.08,2.9,59.2,50.6,29.0,68.0,4.32,0.96,9.4
Colombia,46,CO,40.3,1138910.0,1.23,14.88,57.0,Bogot�,97814.0,COP,1.81,52.7,323802808108.0,114.5,12.2,Bogot�,77.1,1.23,Spanish,18.3,2.18,50339443.0,40827302.0,4.570868,-74.297333,South America,140.95,3.5,71.2,55.3,83.0,68.8,9.71,0.68,14.4
Comoros,467,KM,71.5,2235.0,0.71,31.88,269.0,"Moroni, Comoros",202.0,KMF,4.21,19.7,1185728677.0,99.5,51.3,"Moroni, Comoros",64.1,0.71,French,74.8,0.27,850886.0,248152.0,-11.6455,43.3333,Africa,103.62,-4.3,219.6,9.0,273.0,43.3,4.34,1.002457142857143,16.57396449704142
Republic of the Congo,16,Unknown,31.1,342000.0,0.88,32.86,242.0,Brazzaville,3282.0,XAF,4.43,65.4,10820591131.0,106.6,36.2,Brazzaville,64.3,0.88,French,43.8,0.12,5380508.0,3625010.0,-0.228021,15.827659,Africa,124.74,2.2,54.3,12.7,378.0,69.4,9.47,0.97,9.0
Costa Rica,100,CR,34.5,51100.0,1.84,13.97,506.0,San Jos������,8023.0,CRC,1.75,54.6,61773944174.0,113.3,7.6,San Jos������,80.1,1.84,Spanish,21.5,2.89,5047561.0,4041885.0,9.748917,-83.753428,Unknown,128.85,2.1,58.3,55.2,27.0,62.1,11.85,0.98,13.6
Croatia,73,HR,27.6,56594.0,2.92,9.0,385.0,Zagreb,17488.0,HRK,1.47,34.4,60415553039.0,96.5,4.0,Zagreb,78.1,2.92,Croatian,15.2,3.0,4067500.0,2328318.0,45.1,15.2,Europe,109.82,0.8,20.5,67.9,8.0,51.2,6.93,1.26,22.0
Cuba,106,CU,59.9,110860.0,0.05,10.17,53.0,Havana,28284.0,CUP,1.62,31.3,100023000000.0,101.9,3.7,Havana,78.7,0.05,Spanish,32.637234042553196,8.42,11333483.0,8739135.0,21.521757,-77.781167,North America,59.77582878266713,0.22345466748181142,41.27178915032233,41.4,36.0,53.6,1.64,1.4,16.18
Cyprus,131,CY,12.2,9251.0,Unknown,10.46,357.0,Nicosia,6626.0,EUR,1.33,18.7,24564647935.0,99.3,1.9,Statos�������,80.8,Unknown,Greek,43.9,1.95,1198575.0,800708.0,35.126413,33.429859,Europe,102.51,0.3,22.4,75.9,6.0,63.1,7.27,1.23,24.5
Czech Republic,139,CZ,45.2,78867.0,3.0,10.7,420.0,Prague,102218.0,CZK,1.69,34.6,246489245495.0,100.7,2.7,Prague,79.0,3.0,Czech,14.8,4.12,10669709.0,7887156.0,49.817492,15.472962,Europe,116.48,2.8,46.1,64.1,3.0,60.6,1.93,1.17,14.9
Democratic Republic of the Congo,40,CD,11.6,2344858.0,0.18,41.18,243.0,Kinshasa,2021.0,CDF,5.92,67.2,47319624204.0,108.0,68.2,Kinshasa,60.4,0.18,French,37.4,0.07,86790567.0,39095679.0,-4.038333,21.758664,Africa,133.85,2.9,50.7,6.6,473.0,63.5,4.24,1.49,10.7
Denmark,137,DK,62.0,43094.0,Unknown,10.6,45.0,Copenhagen,31786.0,DKK,1.73,14.7,348078018464.0,101.3,3.6,Copenhagen,81.0,Unknown,Danish,13.7,4.01,5818553.0,5119978.0,56.26392,9.501785,Europe,110.35,0.8,23.8,80.6,4.0,62.2,4.91,1.55,32.4
Djibouti,43,DJ,73.4,23200.0,Unknown,21.47,253.0,Djibouti City,620.0,DJF,2.73,0.2,3318716359.0,75.3,49.8,Djibouti City,66.6,Unknown,French,20.4,0.22,973560.0,758549.0,11.825138,42.590275,Africa,120.25,3.3,37.9,5.3,248.0,60.2,10.3,1.32,18.8
Dominica,96,DM,33.3,751.0,1.48,12.0,1.0,Roseau,180.0,XCD,1.9,57.4,596033333.0,114.7,32.9,Roseau,76.6,1.48,English,28.4,1.08,71808.0,50830.0,15.414999,-61.370976,North America,103.87,1.0,32.6,7.2,283.0,65.43999999999998,9.368,1.142,22.1
Dominican Republic,225,DO,48.7,48670.0,0.4,19.51,1.0,Santo Domingo,25258.0,DOP,2.35,41.7,88941298258.0,105.7,24.1,Santo Domingo,73.9,0.4,Spanish,43.7,1.56,10738958.0,8787475.0,18.735693,-70.162651,North America,135.5,1.8,48.8,59.9,95.0,64.3,5.84,1.07,13.0
Ecuador,71,EC,22.2,283561.0,2.46,19.72,593.0,Quito,41155.0,USD,2.43,50.2,107435665000.0,103.3,12.2,Quito,76.8,2.46,Spanish,43.7,2.04,17373662.0,11116711.0,-1.831239,-78.183406,South America,124.14,0.3,34.4,44.9,59.0,68.0,3.97,0.61,7.659999999999999
Egypt,103,EG,3.8,1001450.0,Unknown,26.38,20.0,Cairo,238560.0,EGP,3.33,0.1,303175127598.0,106.3,18.1,Cairo,71.8,Unknown,Modern Standard Arabic,62.0,0.45,100388073.0,42895824.0,26.820553,30.802498,Africa,288.57,9.2,44.4,35.2,37.0,46.4,10.76,0.4,12.5
El Salvador,313,SV,76.4,21041.0,0.5,18.25,503.0,San Salvador,7169.0,Unknown,2.04,12.6,27022640000.0,94.8,11.8,San Salvador,73.1,0.5,Spanish,27.9,1.57,6453553.0,4694702.0,13.794185,-88.89653,North America,111.23,0.1,36.4,29.4,46.0,59.1,4.11,0.83,18.1
Equatorial Guinea,50,GQ,10.1,28051.0,1.05,33.24,240.0,Malabo,5655.0,XAF,4.51,55.5,11026774945.0,61.8,62.6,Malabo,58.4,1.05,Spanish,72.0,0.4,1355986.0,984812.0,1.650801,10.267895,Africa,124.35,1.2,79.4,1.9,301.0,62.0,6.43,0.6140000000000001,6.1
Eritrea,35,ER,75.2,117600.0,Unknown,30.3,291.0,Asmara,711.0,ERN,4.06,14.9,2065001626.0,68.4,31.3,Asmara,65.9,Unknown,Tigrinya,52.4,0.06,6333135.0,1149670.0,15.179384,39.782334,Africa,206.69436228233303,7.8177359854640525,83.7,3.4,480.0,78.4,5.14,2.0,23.439999999999998
Estonia,31,EE,23.1,45228.0,3.14,10.9,372.0,Tallinn,16590.0,EUR,1.59,51.3,31386949981.0,97.2,2.1,Tallinn,78.2,3.14,Estonian,22.8,4.48,1331824.0,916024.0,58.595272,25.013607,Europe,122.14,2.3,47.8,69.6,9.0,63.6,5.11,1.14,20.9
Eswatini,67,Unknown,39.117553191489364,17364.0,Unknown,20.214973544973546,268.0,Mbabane,177799.23936170212,Unknown,2.6981382978723403,32.01542553191489,3791304348.0,102.47021276595747,21.332804232804236,Mbabane,72.27967914438503,Unknown,English,11.3,1.8398404255319147,1093238.0,22304543.215789475,-26.522503,31.465866,Africa,189.73338423943449,6.684133950973788,40.851151473603224,37.96338797814208,160.39226519337018,62.73806818181818,6.886363636363637,1.262,28.6
Ethiopia,115,ET,36.3,1104300.0,Unknown,32.34,251.0,Addis Ababa,14870.0,ETB,4.25,12.5,96107662398.0,101.0,39.1,Addis Ababa,66.2,Unknown,Amharic,37.8,0.08,112078730.0,23788710.0,9.145,40.489673,Africa,143.86,15.8,37.7,8.1,401.0,79.6,2.08,0.75,7.5
Fiji,49,FJ,23.3,18274.0,1.28,21.28,679.0,Suva,2046.0,FJD,2.77,55.9,5535548972.0,106.4,21.6,Suva,67.3,1.28,Fiji Hindi,21.4,0.84,889953.0,505048.0,-17.713371,178.065032,Oceania,132.3,1.8,32.1,16.1,34.0,57.6,4.1,0.82,24.2
Finland,18,FI,7.5,338145.0,Unknown,8.6,358.0,Helsinki,45871.0,EUR,1.41,73.1,268761201365.0,100.2,1.4,Helsinki,81.7,Unknown,Swedish,19.9,3.81,5520314.0,4716888.0,61.92411,25.748151,Europe,112.33,1.0,36.6,88.2,3.0,59.1,6.59,1.45,20.8
France,119,FR,52.4,643801.0,11.16,11.3,33.0,Paris,303276.0,EUR,1.88,31.2,2715518274227.0,102.5,3.4,Paris,82.5,11.16,French,6.8,3.27,67059887.0,54123364.0,46.227638,2.213749,Europe,110.05,1.1,60.7,65.6,8.0,55.1,8.43,1.39,24.2
Gabon,9,GA,20.0,267667.0,1.46,31.61,241.0,Libreville,5321.0,XAF,3.97,90.0,16657960228.0,139.9,32.7,Libreville,66.2,1.46,French,25.9,0.68,2172579.0,1949694.0,-0.803689,11.609444,Africa,122.19,2.1,47.1,8.3,252.0,52.9,20.0,0.92,10.2
The Gambia,239,GM,59.8,11300.0,0.13,38.54,220.0,Banjul,532.0,GMD,5.22,48.4,1763819048.0,98.0,39.0,Serekunda,61.7,0.13,English,20.3,0.1,2347706.0,1453958.0,13.443182,-15.310139,Africa,172.73,7.1,48.4,2.7,597.0,59.4,9.06,1.18,9.4
Georgia,57,GE,34.5,69700.0,0.05,13.47,995.0,Tbilisi,10128.0,GEL,2.06,40.6,17743195770.0,98.6,8.7,Tbilisi,73.6,0.05,Georgian,57.3,7.12,3720382.0,2196476.0,42.315407,43.356892,Asia,133.61,4.9,9.9,63.9,25.0,68.3,14.4,0.76,21.7
Germany,240,DE,47.7,357022.0,9.99,9.5,49.0,Berlin,727973.0,EUR,1.56,32.7,3845630030824.0,104.0,3.1,Berlin,80.9,9.99,German,12.5,4.25,83132799.0,64324835.0,51.165691,10.451526,Europe,112.85,1.4,48.8,70.2,7.0,60.8,3.04,1.39,11.5
Ghana,137,GH,69.0,238533.0,0.27,29.41,233.0,Accra,16670.0,GHS,3.87,41.2,66983634224.0,104.8,34.9,Accra,63.8,0.27,English,36.1,0.14,30792608.0,17249054.0,7.946527,-1.023194,Africa,268.36,7.2,55.4,15.7,308.0,67.8,4.33,0.92,12.6
Greece,81,GR,47.6,131957.0,4.46,8.1,30.0,Athens,62434.0,EUR,1.35,31.7,209852761469.0,99.6,3.6,Macedonia,81.3,4.46,Greek,35.5,5.48,10716322.0,8507474.0,39.074208,21.824312,Europe,101.87,0.2,51.9,136.6,3.0,51.8,17.24,1.54,26.2
Grenada,331,GD,23.5,349.0,Unknown,16.47,1.0,"St. George's, Grenada",268.0,XCD,2.06,50.0,1228170370.0,106.9,13.7,"St. George's, Grenada",72.4,Unknown,English,57.0,1.41,112003.0,40765.0,12.1165,-61.679,Unknown,107.43,0.8,47.8,104.6,25.0,61.879999999999995,8.919999999999998,1.12,19.4
Guatemala,167,GT,36.0,108889.0,1.6,24.56,502.0,Guatemala City,16777.0,GTQ,2.87,32.7,76710385880.0,101.9,22.1,Guatemala City,74.1,1.6,Spanish,55.8,0.35,16604026.0,8540945.0,15.783471,-90.230759,North America,142.92,3.7,35.2,21.8,95.0,62.3,2.46,0.79,10.6
Guinea,53,GN,59.0,245857.0,Unknown,36.36,224.0,Conakry,2996.0,GNF,4.7,25.8,13590281809.0,91.5,64.9,Kankan,61.2,Unknown,French,54.5,0.08,12771246.0,4661505.0,9.945587,-9.696645,Africa,262.95,9.5,69.3,11.6,576.0,61.5,4.3,0.9,10.8
Guinea-Bissau,70,GW,58.0,36125.0,0.16,35.13,245.0,Bissau,293.0,XOF,4.48,69.8,1340389411.0,118.7,54.0,Bissau,58.0,0.16,Portuguese,37.2,0.13,1920922.0,840922.0,11.803749,-15.180413,Africa,111.65,1.4,45.5,2.6,667.0,72.0,2.47,1.042,10.3
Guyana,4,GY,8.6,214969.0,0.98,19.97,592.0,"Georgetown, Guyana",2384.0,GYD,2.46,83.9,4280443645.0,97.8,25.1,"Georgetown, Guyana",69.8,0.98,English,40.5,0.8,782766.0,208912.0,4.860416,-58.93018,South America,116.19,2.1,30.6,11.6,169.0,56.2,11.85,0.9,17.94
Haiti,414,HT,66.8,27750.0,0.25,24.35,509.0,Port-au-Prince,2978.0,HTG,2.94,3.5,8498981821.0,113.6,49.5,Port-au-Prince,63.7,0.25,French,36.3,0.23,11263077.0,6328948.0,18.971187,-72.285215,Unknown,179.29,12.5,42.7,1.1,480.0,67.2,13.78,0.81,17.34
Vatican City,"2,003",Unknown,39.117553191489364,0.0,Unknown,20.214973544973546,379.0,Vatican City,177799.23936170212,EUR,2.6981382978723403,32.01542553191489,477295901399.5389,102.47021276595747,21.332804232804236,Unknown,72.27967914438503,Unknown,Italian,32.637234042553196,1.8398404255319147,836.0,22304543.215789475,41.902916,12.453389,Unknown,189.73338423943449,6.684133950973788,40.851151473603224,37.96338797814208,160.39226519337018,62.73806818181818,6.886363636363637,1.002457142857143,16.57396449704142
Honduras,89,HN,28.9,112090.0,1.01,21.6,504.0,Tegucigalpa,9813.0,HNL,2.46,40.0,25095395475.0,91.5,15.1,Tegucigalpa,75.1,1.01,Spanish,49.1,0.31,9746117.0,5626433.0,15.199999,-86.241905,North America,150.34,4.4,39.1,26.2,65.0,68.8,5.39,0.98,17.3
Hungary,107,HU,58.4,93028.0,2.62,9.6,36.0,Budapest,45537.0,HUF,1.54,22.9,160967157504.0,100.8,3.6,Budapest,75.8,2.62,Hungarian,29.0,3.41,9769949.0,6999582.0,47.162494,19.503304,Europe,121.64,3.3,37.9,48.5,12.0,56.5,3.4,1.18,23.0
Iceland,3,IS,18.7,103000.0,Unknown,12.0,354.0,Reykjav��,2065.0,ISK,1.71,0.5,24188035739.0,100.4,1.5,Reykjav��,82.7,Unknown,Icelandic,17.0,4.08,361313.0,339110.0,64.963051,-19.020835,Europe,129.0,3.0,31.9,71.8,4.0,75.0,2.84,1.69,23.3
India,464,IN,60.4,3287263.0,0.3,17.86,91.0,New Delhi,2407672.0,INR,2.22,23.8,2611000000000.0,113.0,29.9,Kurebhar,69.4,0.3,Hindi,65.1,0.86,1366417754.0,471031528.0,20.593684,78.96288,Asia,180.44,7.7,49.7,28.1,145.0,49.3,5.36,0.97,11.2
Indonesia,151,ID,31.5,1904569.0,0.48,18.07,62.0,Jakarta,563325.0,IDR,2.31,49.9,1119190780753.0,106.4,21.1,Kalimantan,71.5,0.48,Indonesian,48.3,0.43,270203917.0,151509724.0,-0.789275,113.921327,Asia,151.18,3.0,30.1,36.3,177.0,67.5,4.69,0.63,10.2
Iran,52,IR,28.2,1648195.0,1.58,18.78,98.0,Tehran,661710.0,IRR,2.14,6.6,445345282123.0,110.7,12.4,Tehran,76.5,1.58,Persian,39.7,1.58,82913906.0,62509623.0,32.427908,53.688046,Asia,550.93,39.9,44.7,68.1,16.0,44.7,11.38,0.4,7.4
Iraq,93,IQ,21.4,438317.0,1.24,29.08,964.0,Baghdad,190061.0,IQD,3.67,1.9,234094042939.0,108.7,22.5,Baghdad,70.5,1.24,Arabic,76.5,0.71,39309783.0,27783368.0,33.223191,43.679291,Asia,119.86,0.4,30.8,16.2,79.0,43.0,12.82,0.61,2.0
Republic of Ireland,72,Unknown,64.5,70273.0,10.79,12.5,353.0,Dublin,37711.0,EUR,1.75,11.0,388698711348.0,100.9,3.1,Connacht,82.3,10.79,Irish,15.2,3.31,5007069.0,3133123.0,53.41291,-8.24389,Europe,106.58,0.9,26.1,77.8,5.0,62.1,4.93,1.37,18.3
Israel,400,IL,24.6,20770.0,7.58,20.8,972.0,Jerusalem,65166.0,ILS,3.09,7.7,395098666122.0,104.9,3.0,Jerusalem,82.8,7.58,Hebrew,24.4,4.62,9053300.0,8374393.0,31.046051,34.851612,Asia,108.15,0.8,25.3,63.4,3.0,64.0,3.86,1.57,23.1
Italy,206,IT,43.2,301340.0,Unknown,7.3,39.0,Rome,320411.0,EUR,1.29,31.8,2001244392042.0,101.9,2.6,Rome,82.9,Unknown,Italian,22.8,3.98,60297396.0,42651966.0,41.87194,12.56738,Europe,110.62,0.6,59.1,61.9,2.0,49.6,9.89,1.61,24.3
Jamaica,273,JM,41.0,10991.0,1.33,16.1,1876.0,"Kingston, Jamaica",8225.0,JMD,1.98,30.9,16458071068.0,91.0,12.4,"Kingston, Jamaica",74.4,1.33,Jamaican English,23.7,1.31,2948279.0,1650594.0,18.109581,-77.297508,North America,162.47,3.9,35.1,27.1,80.0,66.0,8.0,1.11,26.8
Japan,347,JP,12.3,377944.0,6.77,7.4,81.0,Tokyo,1135886.0,Unknown,1.42,68.5,5081769542380.0,98.8,1.8,Tokyo,84.2,6.77,Unknown,13.1,2.41,126226568.0,115782416.0,36.204824,138.252924,Asia,105.48,0.5,46.7,63.2,5.0,61.7,2.29,1.06,11.9
Jordan,115,JO,12.0,89342.0,1.49,21.98,962.0,Amman,25108.0,JOD,2.76,1.1,43743661972.0,81.5,13.9,Amman,74.4,1.49,Arabic,25.1,2.32,10101694.0,9213048.0,30.585164,36.238414,Asia,125.6,0.8,28.6,34.4,46.0,39.3,14.72,1.1,15.1
Kazakhstan,7,KZ,80.4,2724900.0,0.41,21.77,7.0,Astana,247207.0,KZT,2.84,1.2,180161741180.0,104.4,8.8,Almaty,73.2,0.41,Russian,38.8,3.25,18513930.0,10652915.0,48.019573,66.923684,Asia,182.75,5.2,28.4,61.7,10.0,68.8,4.59,0.42,11.7
Kenya,94,KE,48.5,580367.0,0.25,28.75,254.0,Nairobi,17910.0,KES,3.49,7.8,95503088538.0,103.2,30.6,Nairobi,66.3,0.25,Swahili,33.4,0.16,52573973.0,14461523.0,-0.023559,37.906193,Africa,180.51,4.7,37.2,11.5,342.0,74.7,2.64,0.95,15.1
Kiribati,147,KI,42.0,811.0,Unknown,27.89,686.0,South Tarawa,66.0,AUD,3.57,15.0,194647202.0,101.3,41.2,South Tarawa,68.1,Unknown,English,0.2,0.2,117606.0,64489.0,1.8368976,-157.3768317,Oceania,99.55,0.6,32.7,39.8,92.0,66.2,13.101999999999999,1.0559999999999998,22.0
Kuwait,240,KW,8.4,17818.0,0.95,13.94,965.0,Kuwait City,98734.0,KWD,2.08,0.4,134761198946.0,92.4,6.7,Kuwait City,75.4,0.95,Modern Standard Arabic,14.4,2.58,4207083.0,4207083.0,29.31166,47.481766,Asia,126.6,1.1,13.0,54.4,12.0,73.5,2.18,0.35,1.4
Kyrgyzstan,34,KG,55.0,199951.0,0.09,27.1,996.0,Bishkek,9787.0,KGS,3.3,3.3,8454619608.0,107.6,16.9,Bishkek,71.4,0.09,Russian,48.2,1.88,6456900.0,2362644.0,41.20438,74.766098,Asia,155.68,1.1,29.0,41.3,60.0,59.8,6.33,0.56,18.0
Laos,32,LA,10.3,236800.0,0.83,23.55,856.0,Vientiane,17763.0,LAK,2.67,82.1,18173839128.0,102.4,37.6,Vientiane,67.6,0.83,Lao,45.4,0.37,7169455.0,2555552.0,19.85627,102.495496,Asia,135.87,3.3,24.1,15.0,185.0,78.5,0.63,0.93,12.9
Latvia,30,LV,31.1,64589.0,2.8,10.0,371.0,Riga,7004.0,EUR,1.6,54.0,34117202555.0,99.4,3.3,Riga,74.7,2.8,Latvian,41.6,3.19,1912789.0,1304943.0,56.879635,24.603189,Europe,116.86,2.8,38.1,88.1,19.0,61.4,6.52,1.16,22.9
Lebanon,667,LB,64.3,10400.0,2.15,17.55,961.0,Beirut,24796.0,LBP,2.09,13.4,53367042272.0,95.1,6.4,"Tripoli, Lebanon",78.9,2.15,Arabic,32.1,2.1,6855713.0,6084994.0,33.854721,35.862285,Asia,130.02,3.0,32.2,26.3,29.0,47.0,6.23,0.74,15.3
Lesotho,71,LS,77.6,30355.0,0.41,26.81,266.0,Maseru,2512.0,Unknown,3.14,1.6,2460072444.0,120.9,65.7,Maseru,53.7,0.41,English,16.9,0.07,2125268.0,607508.0,-29.609988,28.233608,Africa,155.86,5.2,13.6,10.2,544.0,67.9,23.41,0.7,31.6
Liberia,53,LR,28.0,111369.0,0.17,33.04,231.0,Monrovia,1386.0,Unknown,4.32,43.1,3070518100.0,85.1,53.5,Monrovia,63.7,0.17,English,19.6,0.04,4937374.0,2548426.0,6.428055,-9.429499,Africa,223.13,23.6,46.2,11.9,661.0,76.3,2.81,0.8,12.9
Libya,4,LY,8.7,1759540.0,1.88,18.83,218.0,Unknown,50564.0,LYD,2.24,0.1,52076250948.0,109.0,10.2,Unknown,72.7,1.88,Arabic,36.7,2.09,6777452.0,5448597.0,26.3351,17.228331,Africa,125.71,2.6,32.6,60.5,72.0,49.7,18.56,0.11,13.48
Liechtenstein,238,LI,32.2,160.0,Unknown,9.9,423.0,Vaduz,51.0,CHF,1.44,43.1,6552858739.0,104.7,21.332804232804236,Schaan,83.0,Unknown,German,32.637234042553196,1.8398404255319147,38019.0,5464.0,47.1410392,9.520935,Europe,234.55153763553756,8.030595709334476,21.6,35.6,33.0,61.14,5.61,1.74,23.44
Lithuania,43,LT,47.2,65300.0,2.41,10.0,370.0,Vilnius,12963.0,EUR,1.63,34.8,54219315600.0,103.9,3.3,Vilnius,75.7,2.41,Lithuanian,32.1,6.35,2786844.0,1891013.0,55.169438,23.881275,Europe,118.38,2.3,42.6,72.4,8.0,61.6,6.35,1.16,16.9
Luxembourg,242,LU,53.7,2586.0,13.05,10.3,352.0,Luxembourg City,8988.0,EUR,1.37,35.7,71104919108.0,102.3,1.9,Luxembourg City,82.1,13.05,Luxembourgish,10.6,3.01,645397.0,565488.0,49.815273,6.129583,Europe,115.09,1.7,20.4,19.2,5.0,59.3,5.36,1.19,26.5
Madagascar,48,MG,71.2,587041.0,0.21,32.66,261.0,Antananarivo,3905.0,MGA,4.08,21.4,14083906357.0,142.5,38.2,Antananarivo,66.7,0.21,French,21.7,0.18,26969307.0,10210849.0,-18.766947,46.869107,Africa,184.33,5.6,38.3,5.4,335.0,86.1,1.76,1.11,10.2
Malawi,203,MW,61.4,118484.0,0.12,34.12,265.0,Lilongwe,1298.0,MWK,4.21,33.2,7666704427.0,142.5,35.3,Lilongwe,63.8,0.12,English,11.0,0.04,18628747.0,3199301.0,-13.254308,34.301525,Africa,418.34,9.4,34.5,0.8,349.0,76.7,5.65,1.15,17.3
Malaysia,99,MY,26.3,329847.0,0.93,16.75,60.0,Kuala Lumpur,248289.0,MYR,2.0,67.6,364701517788.0,105.3,6.7,Johor Bahru,76.0,0.93,Malaysian language,36.7,1.51,32447385.0,24475766.0,4.210484,101.975766,Asia,121.46,0.7,38.7,45.1,29.0,64.3,3.32,0.45,12.0
Maldives,"1,802",MV,26.3,298.0,Unknown,14.2,960.0,Mal�,1445.0,Unknown,1.87,3.3,5729248472.0,97.1,7.4,Mal�,78.6,Unknown,Divehi,16.4,4.56,530953.0,213645.0,3.202778,73.22068,Asia,99.7,0.2,30.2,31.2,53.0,69.8,6.14,1.63,19.5
Mali,17,ML,33.8,1240192.0,0.23,41.54,223.0,Bamako,3179.0,XOF,5.88,3.8,17510141171.0,75.6,62.0,Bamako,58.9,0.23,French,46.3,0.13,19658031.0,8479688.0,17.570692,-3.996166,Africa,108.73,-1.7,54.5,4.5,562.0,70.8,7.22,1.12,11.6
Malta,"1,380",MT,32.4,316.0,5.07,9.2,356.0,Valletta,1342.0,EUR,1.23,1.1,14786156563.0,105.0,6.1,Birkirkara,82.3,5.07,Maltese,37.1,2.86,502653.0,475902.0,35.937496,14.375416,Europe,113.45,1.6,44.0,54.3,6.0,56.5,3.47,1.36,26.2
Marshall Islands,329,MH,63.9,181.0,2.0,29.03,692.0,Majuro,143.0,USD,4.05,70.2,221278000.0,84.7,27.4,Majuro,65.2,2.0,Marshallese,10.0,0.42,58791.0,45514.0,7.131474,171.184478,Oceania,160.04021647332937,5.738218913488035,65.9,23.7,67.0,57.760000000000005,8.164,1.44,17.8
Mauritania,5,MR,38.5,1030700.0,0.53,33.69,222.0,Nouakchott,2739.0,MRU,4.56,0.2,7593752450.0,99.9,51.5,Nouakchott,64.7,0.53,Arabic,48.2,0.19,4525696.0,2466821.0,21.00789,-10.940835,Africa,135.02,2.3,67.0,5.0,766.0,45.9,9.55,1.13,20.4
Mauritius,626,MU,42.4,2040.0,0.38,10.2,230.0,Port Louis,4349.0,MUR,1.41,19.0,14180444557.0,101.1,13.6,Port Louis,74.4,0.38,French,50.7,2.53,1265711.0,515980.0,-20.348404,57.552152,Africa,129.91,0.4,22.2,40.6,61.0,58.3,6.67,1.12,19.1
Mexico,66,MX,54.6,1964375.0,0.49,17.6,52.0,Mexico City,486406.0,MXN,2.13,33.9,1258286717125.0,105.8,11.0,Mexico City,75.0,0.49,Unknown,41.4,2.38,126014024.0,102626859.0,23.634501,-102.552784,North America,141.54,3.6,55.1,40.2,33.0,60.7,3.42,0.73,13.1
Federated States of Micronesia,784,FM,31.4,702.0,Unknown,22.82,691.0,Palikir,143.0,USD,3.05,91.9,401932279.0,97.2,25.6,Palikir,67.8,Unknown,English,2.5,0.18,113815.0,25963.0,7.425554,150.550812,Unknown,112.1,0.5,60.5,14.1,88.0,61.839999999999996,10.764,1.1800000000000002,25.2
Moldova,123,MD,74.2,33851.0,0.31,10.1,373.0,Chi����,5115.0,MDL,1.26,12.6,11955435457.0,90.6,13.6,Chi����,71.8,0.31,Romanian,46.2,3.21,2657637.0,1135502.0,47.411631,28.369885,Europe,166.2,4.8,38.7,39.8,19.0,43.1,5.47,0.8,17.7
Monaco,"26,337",MC,39.117553191489364,2.0,11.72,5.9,377.0,Monaco City,177799.23936170212,EUR,2.6981382978723403,32.01542553191489,7184844193.0,102.47021276595747,2.6,Monaco City,72.27967914438503,11.72,French,6.1,6.56,38964.0,38964.0,43.7384176,7.4246158,Europe,189.73338423943449,6.684133950973788,40.851151473603224,37.96338797814208,160.39226519337018,62.73806818181818,6.886363636363637,2.0,23.439999999999998
Mongolia,2,MN,71.5,1564116.0,0.65,24.13,976.0,Ulaanbaatar,25368.0,MNT,2.9,8.0,13852850259.0,104.0,14.0,Ulaanbaatar,69.7,0.65,Mongolian,39.3,2.86,3225167.0,2210626.0,46.862496,103.846656,Asia,195.76,7.3,25.7,65.6,45.0,59.7,6.01,0.72,16.8
Montenegro,47,ME,19.0,13812.0,1.23,11.73,382.0,Podgorica,2017.0,EUR,1.75,61.5,5494736901.0,100.0,2.3,Podgorica,76.8,1.23,Montenegrin language,31.8,2.76,622137.0,417765.0,42.708678,19.37439,Europe,116.32,2.6,22.2,56.1,6.0,54.4,14.88,1.16,18.06
Morocco,83,MA,68.5,446550.0,1.6,18.94,212.0,Rabat,61276.0,MAD,2.42,12.6,118725279596.0,113.9,19.2,Casablanca,76.5,1.6,Arabic,53.1,0.73,36910560.0,22975026.0,31.791702,-7.09262,Africa,111.07,0.2,45.8,35.9,70.0,45.3,9.02,0.99,21.9
Mozambique,40,MZ,63.5,799380.0,0.27,37.52,258.0,Maputo,7943.0,MZN,4.85,48.0,14934159926.0,112.6,54.0,Maputo,60.2,0.27,Portuguese,6.8,0.08,30366036.0,11092106.0,-18.665695,35.529562,Africa,182.31,2.8,36.1,7.3,289.0,78.1,3.24,0.65,0.0
Myanmar,83,MM,19.5,676578.0,0.39,17.55,95.0,Naypyidaw,25280.0,MMK,2.15,43.6,76085852617.0,112.3,36.8,Yangon,66.9,0.39,Burmese,73.9,0.68,54045420.0,16674093.0,21.916221,95.955974,Asia,168.18,8.8,31.2,18.8,250.0,61.7,1.58,0.54,5.4
Namibia,3,Unknown,47.1,824292.0,Unknown,28.64,264.0,Windhoek,4228.0,Unknown,3.4,8.3,12366527719.0,124.2,29.0,Windhoek,63.4,Unknown,English,8.3,0.42,2494530.0,1273258.0,-22.95764,18.49041,Africa,157.97,3.7,20.7,22.9,195.0,59.5,20.27,0.76,27.1
Nauru,541,NR,39.117553191489364,21.0,Unknown,20.214973544973546,674.0,Yaren District,177799.23936170212,AUD,2.6981382978723403,32.01542553191489,133000000.0,102.47021276595747,21.332804232804236,Unknown,72.27967914438503,Unknown,English,32.637234042553196,1.8398404255319147,10084.0,22304543.215789475,-0.522778,166.931503,Oceania,189.73338423943449,6.684133950973788,40.851151473603224,37.96338797814208,160.39226519337018,62.73806818181818,6.886363636363637,1.002457142857143,16.57396449704142
Nepal,203,NP,28.7,147181.0,0.36,19.89,977.0,Kathmandu,9105.0,NPR,1.92,25.4,30641380604.0,142.1,26.7,Kathmandu,70.5,0.36,Nepali,60.4,0.75,28608710.0,5765513.0,28.394857,84.124008,Asia,188.73,5.6,41.8,12.4,186.0,83.8,1.41,0.91,20.7
Netherlands,508,NL,53.3,41543.0,10.29,9.7,31.0,Amsterdam,170780.0,Unknown,1.59,11.2,909070395161.0,104.2,3.3,Amsterdam,81.8,10.29,Dutch,12.3,3.61,17332850.0,15924729.0,52.132633,5.291266,Europe,115.91,2.6,41.2,85.0,5.0,63.6,3.2,1.68,23.0
New Zealand,18,NZ,40.5,268838.0,11.49,11.98,64.0,Wellington,34382.0,NZD,1.71,38.6,206928765544.0,100.0,4.7,Auckland,81.9,11.49,English,12.6,3.59,4841000.0,4258860.0,-40.900557,174.885971,Oceania,114.24,1.6,34.6,82.0,9.0,69.9,4.07,1.4,29.0
Nicaragua,55,NI,42.1,130370.0,0.54,20.64,505.0,Managua,5592.0,NIO,2.4,25.9,12520915291.0,120.6,15.7,Managua,74.3,0.54,Spanish,36.0,0.98,6545502.0,3846137.0,12.865416,-85.207229,Unknown,162.74,5.4,60.6,17.4,98.0,66.4,6.84,0.91,15.6
Niger,19,NE,36.1,1267000.0,0.29,46.08,227.0,Niamey,2017.0,XOF,6.91,0.9,12928145120.0,74.7,48.0,Niamey,62.0,0.29,French,52.3,0.04,23310715.0,3850231.0,17.607789,8.081666,Africa,109.32,-2.5,47.2,4.4,509.0,72.0,0.47,0.88,11.8
Nigeria,226,NG,77.7,923768.0,0.54,37.91,234.0,Abuja,120369.0,NGN,5.39,7.2,448120428859.0,84.7,75.7,Lagos,54.3,0.54,English,72.2,0.38,200963599.0,102806948.0,9.081999,8.675277,Africa,267.51,11.4,34.8,10.2,917.0,52.9,8.1,0.46,1.5
North Korea,214,KP,21.8,120538.0,Unknown,13.89,850.0,Pyongyang,28284.0,KPW,1.9,40.7,32100000000.0,112.8,13.7,Pyongyang,72.1,Unknown,Korean,32.637234042553196,3.67,25666161.0,15947412.0,40.339852,127.510093,Asia,112.19875665908717,1.834551493126149,32.63814445298914,27.0,89.0,80.4,2.74,0.58,11.819999999999999
North Macedonia,83,Unknown,39.117553191489364,25713.0,Unknown,20.214973544973546,389.0,Skopje,177799.23936170212,MKD,2.6981382978723403,32.01542553191489,10220781069.0,102.47021276595747,21.332804232804236,Skopje,72.27967914438503,Unknown,Macedonian,35.6,1.8398404255319147,1836713.0,22304543.215789475,41.608635,21.745275,Europe,189.73338423943449,6.684133950973788,40.851151473603224,37.96338797814208,160.39226519337018,62.73806818181818,6.886363636363637,1.002457142857143,16.57396449704142
Norway,15,NO,2.7,323802.0,Unknown,10.4,47.0,Oslo,41023.0,NOK,1.56,33.2,403336363636.0,100.3,2.1,Oslo,82.8,Unknown,Norwegian,14.3,2.92,5347896.0,4418218.0,60.472024,8.468946,Europe,120.27,2.2,36.2,82.0,2.0,63.8,3.35,1.78,23.9
Oman,16,OM,4.6,309500.0,4.33,19.19,968.0,Muscat,63457.0,OMR,2.89,0.0,76983094928.0,103.4,9.8,Seeb,77.6,4.33,Arabic,6.4,2.0,5266535.0,4250777.0,21.4735329,55.975413,Asia,113.53,0.1,27.4,38.0,19.0,72.4,2.67,0.45,2.5
Pakistan,287,PK,47.8,796095.0,0.69,28.25,92.0,Islamabad,201150.0,PKR,3.51,1.9,304400000000.0,94.3,57.2,Karachi,67.1,0.69,Urdu,66.5,0.98,216565318.0,79927762.0,30.375321,69.345116,Asia,182.32,10.6,33.9,9.0,140.0,52.6,4.45,0.79,9.2
Palau,39,PW,10.9,459.0,3.0,14.0,680.0,Ngerulmud,224.0,USD,2.21,87.6,283994900.0,112.6,16.6,Koror,69.1,3.0,English,21.8,1.18,18233.0,14491.0,7.51498,134.58252,Oceania,118.17,1.3,76.6,54.7,29.8,60.71999999999999,8.84,0.97,21.3
Palestinian National Authority,847,Unknown,39.117553191489364,689624.3659793815,Unknown,20.214973544973546,360.54639175257734,Unknown,177799.23936170212,Unknown,2.6981382978723403,32.01542553191489,477295901399.5389,102.47021276595747,21.332804232804236,Unknown,72.27967914438503,Unknown,Arabic,32.637234042553196,1.8398404255319147,39381164.01030928,22304543.215789475,31.952162,35.233154,Asia,189.73338423943449,6.684133950973788,40.851151473603224,37.96338797814208,160.39226519337018,62.73806818181818,6.886363636363637,1.002457142857143,16.57396449704142
Panama,58,PA,30.4,75420.0,1.53,18.98,507.0,Panama City,10715.0,Unknown,2.46,61.9,66800800000.0,94.4,13.1,Panama City,78.3,1.53,Spanish,30.5,1.57,4246439.0,2890084.0,8.537981,-80.782127,North America,122.07,-0.4,37.2,47.8,52.0,66.6,3.9,0.74,13.560000000000002
Papua New Guinea,20,PG,2.6,462840.0,1.16,27.07,675.0,Port Moresby,7536.0,PGK,3.56,74.1,24969611435.0,108.5,38.0,Port Moresby,64.3,1.16,Tok Pisin,5.8,0.07,8776109.0,1162834.0,-6.314993,143.95555,Oceania,155.99,3.6,37.1,1.8,145.0,47.2,2.46,1.36,13.6
Paraguay,18,PY,55.1,406752.0,1.55,20.57,595.0,Asunci��,7407.0,PYG,2.43,37.7,38145288940.0,104.4,17.2,Ciudad del Este,74.1,1.55,Spanish,36.5,1.35,7044636.0,4359150.0,-23.442503,-58.443832,South America,143.82,2.8,35.0,34.6,129.0,72.1,4.81,1.04,10.0
Peru,26,PE,18.5,1285216.0,1.28,17.95,51.0,Lima,57414.0,PEN,2.25,57.7,226848050820.0,106.9,11.1,Lima,76.5,1.28,Spanish,30.9,1.27,32510453.0,25390339.0,-9.189967,-75.015152,South America,129.78,2.1,36.8,70.7,88.0,77.6,3.31,0.99,14.3
Philippines,368,PH,41.7,300000.0,1.12,20.55,63.0,Manila,122287.0,PHP,2.58,27.8,376795508680.0,107.5,22.5,Manila,71.1,1.12,English,53.5,0.6,108116615.0,50975903.0,12.879721,121.774017,Unknown,129.61,2.5,43.1,35.5,121.0,59.6,2.15,0.86,14.0
Poland,124,PL,46.9,312685.0,2.93,10.2,48.0,Warsaw,299037.0,PLN,1.46,30.9,592164400688.0,100.0,3.8,Warsaw,77.6,2.93,Polish,23.2,2.38,37970874.0,22796574.0,51.919438,19.145136,Europe,114.11,2.2,40.8,67.8,2.0,56.7,3.47,1.07,17.4
Portugal,111,PT,39.5,92212.0,3.78,8.5,351.0,Lisbon,48742.0,EUR,1.38,34.6,237686075635.0,106.2,3.1,Lisbon,81.3,3.78,Portuguese,27.7,5.12,10269417.0,6753579.0,39.399872,-8.224454,Europe,110.62,0.3,39.8,63.9,8.0,58.8,6.33,1.54,22.8
Qatar,248,QA,5.8,11586.0,Unknown,9.54,974.0,Doha,103259.0,QAR,1.87,0.0,183466208791.0,103.8,5.8,Doha,80.1,Unknown,Arabic,6.2,2.49,2832067.0,2809071.0,25.354826,51.183884,Asia,115.38,-0.7,11.3,17.9,9.0,86.8,0.09,0.4,14.7
Romania,84,RO,58.8,238391.0,2.25,9.6,40.0,Bucharest,69259.0,RON,1.71,30.1,250077444017.0,85.2,6.1,Bucharest,75.4,2.25,Romanian,21.3,2.98,19356544.0,10468793.0,45.943161,24.96676,Europe,123.78,3.8,20.0,49.4,19.0,54.7,3.98,1.16,14.6
Russia,9,RU,13.3,17098240.0,0.53,11.5,7.0,Moscow,1732027.0,RUB,1.57,49.8,1699876578871.0,102.6,6.1,Moscow,72.7,0.53,Russian,36.4,4.01,144373535.0,107683889.0,61.52401,105.318756,Europe,180.75,4.5,46.2,81.9,17.0,61.8,4.59,0.59,11.4
Rwanda,525,RW,73.4,26338.0,Unknown,31.7,250.0,Kigali,1115.0,RWF,4.04,19.7,10122472590.0,133.0,27.0,Kigali,68.7,Unknown,Swahili,26.0,0.13,12626950.0,2186104.0,-1.940278,29.873888,Africa,151.09,3.4,33.2,6.7,248.0,83.7,1.03,1.17,14.3
Saint Kitts and Nevis,205,KN,23.1,261.0,3.33,12.6,1.0,Basseterre,238.0,XCD,2.11,42.3,1050992593.0,108.7,9.8,Basseterre,71.3,3.33,English,56.6,2.52,52823.0,16269.0,17.357822,-62.782998,Unknown,104.57,-1.0,49.7,86.7,3.8,61.0,6.601999999999999,1.306,18.5
Saint Lucia,301,LC,17.4,616.0,Unknown,12.0,1.0,Castries,414.0,XCD,1.44,33.2,2122450630.0,102.6,14.9,Castries,76.1,Unknown,English,48.4,0.64,182790.0,34280.0,13.909444,-60.978893,Unknown,110.13,1.9,34.7,14.1,117.0,67.1,20.71,1.3,18.2
Saint Vincent and the Grenadines,284,VC,25.6,389.0,1.16,14.24,1.0,Kingstown,220.0,XCD,1.89,69.2,825385185.0,113.4,14.8,Calliaqua,72.4,1.16,English,21.4,0.66,100455.0,58185.0,12.984305,-61.287228,Unknown,109.67,2.3,37.0,23.7,68.0,65.9,18.88,1.242,25.4
Samoa,70,WS,12.4,2831.0,0.78,24.38,685.0,Apia,246.0,WST,3.88,60.4,850655017.0,110.5,13.6,Apia,73.2,0.78,Samoan,11.5,0.34,202506.0,35588.0,-13.759029,-172.104629,Oceania,117.56,1.0,19.3,7.6,43.0,43.7,8.36,0.91,25.5
San Marino,566,SM,16.7,61.0,Unknown,6.8,378.0,City of San Marino,177799.23936170212,EUR,1.26,0.0,1637931034.0,108.1,1.7,City of San Marino,85.4,Unknown,Italian,18.3,6.11,33860.0,32969.0,43.94236,12.457777,Europe,110.63,1.0,36.2,42.5,38.2,60.580000000000005,3.4799999999999995,1.028,18.1
Sao Tome and Principe,228,ST,50.7,964.0,Unknown,31.54,239.0,S����,121.0,STN,4.32,55.8,429016605.0,106.8,24.4,S����,70.2,Unknown,Unknown,11.7,0.05,215056.0,158277.0,19.092351475257733,20.232434489175255,Africa,185.09,7.9,37.0,13.4,130.0,57.8,13.37,0.752,14.6
Saudi Arabia,16,SA,80.8,2149690.0,3.85,17.8,966.0,Riyadh,563449.0,SAR,2.32,0.5,792966838162.0,99.8,6.0,Riyadh,75.0,3.85,Arabic,15.0,2.61,34268528.0,28807838.0,23.885942,45.079162,Asia,118.4,-1.2,15.7,68.0,17.0,55.9,5.93,0.24,8.9
Senegal,87,SN,46.1,196722.0,0.31,34.52,221.0,Dakar,10902.0,XOF,4.63,42.8,23578084052.0,81.0,31.8,Pikine,67.7,0.31,French,44.2,0.07,16296364.0,7765706.0,14.497401,-14.452362,Africa,109.25,1.8,44.8,12.8,315.0,45.7,6.6,1.14,16.3
Serbia,100,RS,39.3,77474.0,1.57,9.2,381.0,Belgrade,45221.0,RSD,1.49,31.1,51409167351.0,100.3,4.8,Belgrade,75.5,1.57,Serbian,40.6,3.11,6944975.0,3907243.0,44.016521,21.005859,Europe,144.0,1.8,36.6,67.2,12.0,54.9,12.69,1.16,18.6
Seychelles,214,SC,3.4,455.0,2.0,17.1,248.0,"Victoria, Seychelles",605.0,SCR,2.41,88.4,1698843063.0,100.4,12.4,"Victoria, Seychelles",72.8,2.0,French,2.5,0.95,97625.0,55762.0,-4.679574,55.491977,Africa,129.96,1.8,30.1,17.1,53.0,52.08,6.1979999999999995,1.0699999999999998,34.1
Sierra Leone,111,SL,54.7,71740.0,0.57,33.41,232.0,Freetown,1093.0,SLL,4.26,43.1,3941474311.0,112.8,78.5,Freetown,54.3,0.57,English,38.2,0.03,7813215.0,3319366.0,8.460555,-11.779889,Africa,234.16,14.8,30.7,2.0,1120.0,57.9,4.43,1.08,8.6
Singapore,"8,358",SG,0.9,716.0,Unknown,8.8,65.0,Unknown,37535.0,SGD,1.14,23.1,372062527489.0,100.6,2.3,Unknown,83.1,Unknown,Malay,36.7,2.29,5703569.0,5703569.0,1.352083,103.819836,Asia,114.41,0.6,21.0,84.8,8.0,70.5,4.11,1.25,13.1
Slovakia,114,SK,39.2,49035.0,3.11,10.6,421.0,Bratislava,32424.0,EUR,1.52,40.4,105422304976.0,98.7,4.6,Bratislava,77.2,3.11,Slovak,18.4,3.42,5454073.0,2930419.0,48.669026,19.699024,Europe,115.34,2.7,49.7,46.6,5.0,59.5,5.56,1.32,18.7
Slovenia,103,SI,30.7,20273.0,5.25,9.4,386.0,Ljubljana,12633.0,EUR,1.6,62.0,53742159517.0,100.4,1.7,Ljubljana,81.0,5.25,Slovene language,12.5,3.09,2087946.0,1144654.0,46.151241,14.995463,Europe,111.05,1.6,31.0,78.6,7.0,58.4,4.2,1.32,18.6
Solomon Islands,25,SB,3.9,28896.0,0.4,32.44,677.0,Honiara,169.0,SBD,4.4,77.9,1425074226.0,106.2,17.1,Honiara,72.8,0.4,English,3.3,0.19,669823.0,162164.0,-9.64571,160.156194,Oceania,133.06,1.6,32.0,43.00000000000001,104.0,83.8,0.58,1.25,29.5
Somalia,25,SO,70.3,637657.0,Unknown,41.75,252.0,Mogadishu,645.0,SOS,6.07,10.0,4720727278.0,23.4,76.6,Bosaso,57.1,Unknown,Arabic,32.637234042553196,0.02,15442905.0,7034861.0,5.152149,46.199616,Africa,582.29384941631,25.88488671293978,61.16472601294774,2.5,829.0,47.4,11.35,1.41,0.0
South Africa,49,ZA,79.8,1219090.0,Unknown,20.51,27.0,Pretoria,476644.0,ZAR,2.41,7.6,351431649241.0,100.9,28.5,Johannesburg,63.9,Unknown,Afrikaans,7.7,0.91,58558270.0,39149717.0,-30.559482,22.937506,Africa,158.93,4.1,29.2,22.4,119.0,56.0,28.18,0.92,27.5
South Korea,527,KR,17.4,99720.0,6.49,6.4,82.0,Seoul,620302.0,KRW,0.98,63.4,2029000000000.0,98.1,2.7,Seoul,82.6,6.49,Korean,36.8,2.36,51709098.0,42106719.0,35.907757,127.766922,Asia,115.16,0.4,33.2,94.3,11.0,63.0,4.15,1.22,15.6
South Sudan,18,SS,39.117553191489364,644329.0,Unknown,35.01,211.0,Juba,1727.0,SSP,4.7,32.01542553191489,11997800751.0,73.0,63.7,Juba,57.6,Unknown,English,61.3,1.8398404255319147,11062113.0,2201250.0,6.8769919,31.3069788,Africa,4583.71,187.9,31.4,30.520000000000003,1150.0,72.4,12.24,0.28,14.940000000000001
Spain,94,ES,52.6,505370.0,5.6,7.9,34.0,Madrid,244002.0,EUR,1.26,36.9,1394116310769.0,102.7,2.5,Madrid,83.3,5.6,Spanish,24.2,3.87,47076781.0,37927409.0,40.463667,-3.74922,Europe,110.96,0.7,47.0,88.9,4.0,57.5,13.96,1.26,14.2
Sri Lanka,341,LK,43.7,65610.0,0.35,15.83,94.0,Colombo,23362.0,LKR,2.2,32.9,84008783756.0,100.2,6.4,Colombo,76.8,0.35,Tamil,38.4,1.0,21803000.0,4052088.0,7.873054,80.771797,Asia,155.53,3.5,55.2,19.6,36.0,53.9,4.2,0.88,11.9
Sudan,25,SD,28.7,1861484.0,0.41,32.18,249.0,Khartoum,20000.0,SDG,4.41,8.1,18902284476.0,76.8,42.1,Omdurman,65.1,0.41,Arabic,63.2,0.26,42813238.0,14957233.0,12.862807,30.217636,Africa,1344.19,51.0,45.4,16.9,295.0,48.4,16.53,0.95,8.0
Suriname,4,SR,0.6,163820.0,Unknown,18.54,597.0,Paramaribo,1738.0,SRD,2.42,98.3,3985250737.0,108.8,16.9,Paramaribo,71.6,Unknown,Dutch,10.1,1.21,581372.0,384258.0,3.919305,-56.027783,South America,294.66,22.0,27.9,12.6,120.0,51.1,7.33,1.29,19.5
Sweden,25,SE,7.4,450295.0,Unknown,11.4,46.0,Stockholm,43252.0,SEK,1.76,68.9,530832908738.0,126.6,2.2,S�����,82.5,Unknown,Swedish,15.2,3.98,10285453.0,9021165.0,60.128161,18.643501,Europe,110.51,1.8,49.1,67.0,4.0,64.6,6.48,1.42,27.9
Switzerland,219,CH,38.4,41277.0,Unknown,10.0,41.0,Bern,34477.0,CHF,1.52,31.8,703082435360.0,105.2,3.7,Z���,83.6,Unknown,German,28.3,4.3,8574832.0,6332428.0,46.818188,8.227512,Europe,99.55,0.4,28.8,59.6,5.0,68.3,4.58,1.45,10.1
Syria,95,SY,75.8,185180.0,1.02,23.69,963.0,Damascus,28830.0,SYP,2.81,2.7,40405006007.0,81.7,14.0,Damascus,71.8,1.02,Arabic,53.7,1.22,17070135.0,9358019.0,34.802075,38.996815,Asia,143.2,36.7,42.7,40.1,31.0,44.1,8.37,0.83,14.2
Tajikistan,68,TJ,34.1,144100.0,0.23,30.76,992.0,Dushanbe,5310.0,TJS,3.59,3.0,8116626794.0,100.9,30.4,Dushanbe,70.9,0.23,Persian,63.1,1.7,9321018.0,2545477.0,38.861034,71.276093,Asia,148.57,6.0,67.3,31.3,17.0,42.0,11.02,0.71,9.8
Tanzania,67,TZ,44.8,947300.0,0.09,36.7,255.0,Dodoma,11973.0,TZS,4.89,51.6,63177068175.0,94.2,37.6,Dar es Salaam,65.0,0.09,Swahili,26.1,0.01,58005463.0,20011885.0,-6.369028,34.888822,Africa,187.43,3.5,43.8,4.0,524.0,83.4,1.98,0.87,11.5
Thailand,137,TH,43.3,513120.0,1.06,10.34,66.0,Bangkok,283763.0,THB,1.53,32.2,543649976166.0,99.8,7.8,Bangkok,76.9,1.06,Thai,11.8,0.81,69625582.0,35294600.0,15.870032,100.992541,Asia,113.27,0.7,29.5,49.3,37.0,67.3,0.75,0.71,14.9
East Timor,89,TL,25.6,14874.0,0.6,29.42,670.0,Dili,495.0,USD,4.02,45.4,1673540300.0,115.3,39.3,Dili,69.3,0.6,Portuguese,10.2,0.72,3500000.0,400182.0,-8.874217,125.727539,Asia,145.38,2.6,17.3,17.8,142.0,67.3,4.55,1.1,25.0
Togo,152,TG,70.2,56785.0,0.34,33.11,228.0,Lom�,3000.0,XOF,4.32,3.1,5459979417.0,123.8,47.4,Lom�,60.8,0.34,French,51.0,0.08,8082366.0,3414638.0,8.619543,0.824782,Africa,113.3,0.7,48.2,14.5,396.0,77.6,2.04,0.71,16.9
Tonga,147,TO,45.8,747.0,Unknown,24.3,676.0,Nuku����,128.0,TOP,3.56,12.5,450353314.0,116.3,13.4,Nuku����,70.8,Unknown,Tongan Language,10.2,0.52,100209.0,24145.0,-21.178986,-175.198242,Oceania,121.09,7.4,27.5,6.4,52.0,59.8,1.12,1.142,22.3
Trinidad and Tobago,273,TT,10.5,5128.0,2.25,12.94,1.0,Port of Spain,43868.0,TTD,1.73,46.0,24100202834.0,106.2,16.4,Chaguanas,73.4,2.25,English,37.3,4.17,1394973.0,741944.0,10.691803,-61.222503,Unknown,141.75,1.0,40.5,12.0,67.0,60.0,2.69,0.54,19.5
Tunisia,76,TN,64.8,163610.0,0.47,17.56,216.0,Tunis,29937.0,TND,2.2,6.8,38797709924.0,115.4,14.6,Tunis,76.5,0.47,Arabic,39.8,1.3,11694719.0,8099061.0,33.886917,9.537499,Unknown,155.33,6.7,60.7,31.7,43.0,46.1,16.02,0.73,21.1
Turkey,110,TR,49.8,783562.0,3.45,16.03,90.0,Ankara,372725.0,TRY,2.07,15.4,754411708203.0,93.2,9.1,Istanbul,77.4,3.45,Turkish,16.9,1.85,83429615.0,63097818.0,38.963745,35.243322,Asia,234.44,15.2,42.3,23.9,17.0,52.8,13.49,1.42,17.9
Turkmenistan,13,TM,72.0,488100.0,0.88,23.83,993.0,Ashgabat,70630.0,TMT,2.79,8.8,40761142857.0,88.4,39.3,Ashgabat,68.1,0.88,Turkmen,71.1,2.22,5942089.0,3092738.0,38.969719,59.556278,Asia,31.645208082405958,-2.55930071593846,33.59066594754629,8.0,7.0,64.5,3.91,0.29,13.48
Tuvalu,393,TV,60.0,26.0,Unknown,20.214973544973546,688.0,Funafuti,11.0,AUD,2.6981382978723403,33.3,47271463.0,86.0,20.6,Singapore,72.27967914438503,Unknown,Tuvaluan Language,0.7,0.92,11646.0,7362.0,-7.109535,177.64933,Oceania,189.73338423943449,6.684133950973788,40.851151473603224,37.96338797814208,160.39226519337018,62.73806818181818,6.886363636363637,1.002457142857143,16.57396449704142
Uganda,229,UG,71.9,241038.0,0.01,38.14,256.0,Kampala,5680.0,UGX,4.96,9.7,34387229486.0,102.7,33.8,Buganda,63.0,0.01,Swahili,40.5,0.17,44269594.0,10784516.0,1.373333,32.290275,Africa,173.87,2.9,33.7,4.8,375.0,70.3,1.84,0.94,11.7
Ukraine,75,UA,71.7,603550.0,0.84,8.7,380.0,Kyiv,202250.0,UAH,1.3,16.7,153781069118.0,99.0,7.5,Kyiv,71.6,0.84,Ukrainian,47.8,2.99,44385155.0,30835699.0,48.379433,31.16558,Europe,281.66,7.9,45.2,82.7,19.0,54.2,8.88,0.83,20.1
United Arab Emirates,118,AE,5.5,83600.0,Unknown,10.33,971.0,Abu Dhabi,206324.0,AED,1.41,4.6,421142267938.0,108.4,6.5,Dubai,77.8,Unknown,Arabic,17.8,2.53,9770529.0,8479744.0,23.424076,53.847818,Asia,114.52,-1.9,15.9,36.8,3.0,82.1,2.35,0.49,0.1
United Kingdom,281,GB,71.7,243610.0,10.13,11.0,44.0,London,379025.0,GBP,1.68,13.1,2827113184696.0,101.2,3.6,London,81.3,10.13,English,14.8,2.81,66834405.0,55908316.0,55.378051,-3.435973,Europe,119.62,1.7,30.6,60.0,7.0,62.8,3.85,1.46,25.5
United States,36,US,44.4,9833517.0,7.25,11.6,1.0,"Washington, D.C.",5006302.0,USD,1.73,33.9,21427700000000.0,101.8,5.6,New York City,78.5,7.25,Unknown,11.1,2.61,328239523.0,270663028.0,37.09024,-95.712891,North America,117.24,7.5,36.6,88.2,19.0,62.0,14.7,0.71,9.6
Uruguay,20,UY,82.6,176215.0,1.66,13.86,598.0,Montevideo,6766.0,UYU,1.97,10.7,56045912952.0,108.5,6.4,Montevideo,77.8,1.66,Spanish,16.2,5.05,3461734.0,3303394.0,-32.522779,-55.765835,South America,202.92,7.9,41.8,63.1,17.0,64.0,8.73,1.5,20.1
Uzbekistan,79,UZ,62.9,447400.0,0.24,23.3,998.0,Tashkent,91811.0,UZS,2.42,7.5,57921286440.0,104.2,19.1,Tashkent,71.6,0.24,Uzbek,42.7,2.37,33580650.0,16935729.0,41.377491,64.585262,Asia,74.88751548945474,-0.33709393379879593,31.6,10.1,29.0,65.1,5.92,1.03,14.8
Vanuatu,25,VU,15.3,12189.0,1.56,29.6,678.0,Port Vila,147.0,VUV,3.78,36.1,917058851.0,109.3,22.3,Port Vila,70.3,1.56,French,8.9,0.17,299882.0,76152.0,-15.376706,166.959158,Oceania,117.13,2.8,8.5,4.7,72.0,69.9,4.39,1.31,17.8
Venezuela,32,VE,24.5,912050.0,0.01,17.88,58.0,Caracas,164175.0,VED,2.27,52.7,482359318768.0,97.2,21.4,Caracas,72.1,0.01,Spanish,45.8,1.92,28515829.0,25162368.0,6.42375,-66.58973,South America,2740.27,254.9,73.3,79.3,125.0,59.7,8.8,0.0,14.940000000000001
Vietnam,314,VN,39.3,331210.0,0.73,16.75,84.0,Hanoi,192668.0,VND,2.05,48.1,261921244843.0,110.6,16.5,Ho Chi Minh City,75.3,0.73,Vietnamese,43.5,0.82,96462106.0,35332140.0,14.058324,108.277199,Asia,163.52,2.8,37.6,28.5,43.0,77.4,2.01,0.8,19.1
Yemen,56,YE,44.6,527968.0,Unknown,30.45,967.0,Sanaa,10609.0,YER,3.79,1.0,26914402224.0,93.6,42.9,Sanaa,66.1,Unknown,Arabic,81.0,0.31,29161922.0,10869523.0,15.552727,48.516388,Asia,157.58,8.1,26.6,10.2,164.0,38.0,12.91,0.92,18.119999999999997
Zambia,25,ZM,32.1,752618.0,0.24,36.19,260.0,Lusaka,5141.0,ZMW,4.63,65.2,23064722446.0,98.7,40.4,Lusaka,63.5,0.24,English,27.5,1.19,17861030.0,7871713.0,-13.133897,27.849332,Africa,212.31,9.2,15.6,4.1,213.0,74.6,11.43,1.4,16.2
Zimbabwe,38,ZW,41.9,390757.0,Unknown,30.68,263.0,Harare,10983.0,Unknown,3.62,35.5,21440758800.0,109.9,33.9,Harare,61.2,Unknown,Shona,25.8,0.21,14645468.0,4717305.0,-19.015438,29.154857,Africa,105.51,0.9,31.6,10.0,458.0,83.1,4.95,1.34,20.7
